synthetic_link_id,last_interaction_date,last_interaction_text
SYN-023237,18-04-2026,Requested KYC document re-verification / update
SYN-007489,12-01-2026,Requested premium payment extension / instalment restructuring
SYN-033801,27-03-2026,Asked about premature/partial withdrawal of term deposit funds
SYN-018907,11-07-2026,Asked about premature/partial withdrawal of term deposit funds
SYN-012905,28-06-2026,Asked to update marketing communication preferences / opt-out request
SYN-001646,15-03-2026,Requested premium payment extension / instalment restructuring
SYN-043210,20-06-2026,Raised a motor insurance claim status query
SYN-042116,13-07-2026,Requested motor insurance policy renewal and premium details
SYN-014625,09-04-2026,Complained about delayed policy issuance or service turnaround time
SYN-036754,25-03-2026,Requested KYC document re-verification / update
SYN-004328,18-08-2026,Requested motor insurance policy renewal and premium details
SYN-005183,29-07-2026,Asked to update marketing communication preferences / opt-out request
SYN-034760,16-02-2026,Requested premium payment extension / instalment restructuring
SYN-040473,02-03-2026,Raised a motor insurance claim status query
SYN-029593,13-08-2026,Requested premium payment extension / instalment restructuring
SYN-036994,02-01-2026,Raised a motor insurance claim status query
SYN-035446,20-08-2026,Requested KYC document re-verification / update
SYN-001731,15-09-2026,Requested motor insurance policy renewal and premium details
SYN-004754,25-03-2026,Raised a motor insurance claim status query
SYN-031992,28-07-2026,Inquired about term deposit interest rates and renewal options
SYN-010535,13-02-2026,Asked about premature/partial withdrawal of term deposit funds
SYN-007878,26-12-2025,Requested motor insurance policy renewal and premium details
SYN-003568,04-03-2026,Requested KYC document re-verification / update
SYN-028802,30-12-2025,Raised a motor insurance claim status query
SYN-017179,06-02-2026,Raised a motor insurance claim status query
SYN-020273,02-09-2026,Raised a motor insurance claim status query
SYN-035281,20-01-2026,Asked about premature/partial withdrawal of term deposit funds
SYN-042760,26-05-2026,Requested motor insurance policy renewal and premium details
SYN-001887,10-09-2026,Raised a motor insurance claim status query
SYN-000797,12-08-2026,Complained about delayed policy issuance or service turnaround time
SYN-009395,10-08-2026,Asked about premature/partial withdrawal of term deposit funds
SYN-020980,04-06-2026,Inquired about term deposit interest rates and renewal options
SYN-033326,07-08-2026,Requested motor insurance policy renewal and premium details
SYN-020661,07-03-2026,Requested KYC document re-verification / update
SYN-044007,23-02-2026,Requested motor insurance policy renewal and premium details
SYN-021590,28-03-2026,Raised a motor insurance claim status query
SYN-017789,27-01-2026,Requested premium payment extension / instalment restructuring
SYN-006808,17-09-2026,Requested KYC document re-verification / update
SYN-014178,09-01-2026,Complained about delayed policy issuance or service turnaround time
SYN-023140,15-08-2026,Asked to update marketing communication preferences / opt-out request
SYN-033250,14-09-2026,Requested motor insurance policy renewal and premium details
SYN-040611,31-08-2026,Requested KYC document re-verification / update
SYN-016182,11-04-2026,Requested motor insurance policy renewal and premium details
SYN-028663,25-01-2026,Complained about delayed policy issuance or service turnaround time
SYN-043094,04-08-2026,Inquired about term deposit interest rates and renewal options
SYN-031229,04-09-2026,Inquired about term deposit interest rates and renewal options
SYN-021194,04-06-2026,Inquired about term deposit interest rates and renewal options
SYN-030579,27-03-2026,Requested motor insurance policy renewal and premium details
SYN-039770,17-07-2026,Requested KYC document re-verification / update
SYN-013350,19-07-2026,Inquired about term deposit interest rates and renewal options
SYN-022968,09-07-2026,Asked about premature/partial withdrawal of term deposit funds
SYN-032622,28-02-2026,Asked about premature/partial withdrawal of term deposit funds
SYN-023519,09-01-2026,Asked to update marketing communication preferences / opt-out request
SYN-042934,22-07-2026,Inquired about term deposit interest rates and renewal options
SYN-043777,11-06-2026,Inquired about term deposit interest rates and renewal options
SYN-003741,03-09-2026,Asked to update marketing communication preferences / opt-out request
SYN-010371,09-03-2026,Raised a motor insurance claim status query
SYN-036757,12-01-2026,Requested premium payment extension / instalment restructuring
SYN-045208,13-08-2026,Asked about premature/partial withdrawal of term deposit funds
SYN-016356,20-08-2026,Asked to update marketing communication preferences / opt-out request
SYN-034235,23-03-2026,Requested premium payment extension / instalment restructuring
SYN-037061,02-05-2026,Asked about premature/partial withdrawal of term deposit funds
SYN-002541,18-01-2026,Inquired about term deposit interest rates and renewal options
SYN-009020,08-02-2026,Asked to update marketing communication preferences / opt-out request
SYN-040052,24-08-2026,Complained about delayed policy issuance or service turnaround time
SYN-014768,13-01-2026,Raised a motor insurance claim status query
SYN-042370,01-02-2026,Requested KYC document re-verification / update
SYN-018108,07-09-2026,Raised a motor insurance claim status query
SYN-044082,14-06-2026,Asked to update marketing communication preferences / opt-out request
SYN-014395,12-03-2026,Raised a motor insurance claim status query
SYN-030668,18-03-2026,Asked about premature/partial withdrawal of term deposit funds
SYN-000623,01-09-2026,Inquired about term deposit interest rates and renewal options
SYN-011981,04-01-2026,Inquired about term deposit interest rates and renewal options
SYN-044981,15-07-2026,Requested premium payment extension / instalment restructuring
SYN-009144,25-08-2026,Inquired about term deposit interest rates and renewal options
SYN-031413,14-09-2026,Raised a motor insurance claim status query
SYN-037553,02-05-2026,Requested premium payment extension / instalment restructuring
SYN-024887,25-01-2026,Requested premium payment extension / instalment restructuring
SYN-039963,02-02-2026,Raised a motor insurance claim status query
SYN-035288,24-08-2026,Complained about delayed policy issuance or service turnaround time
SYN-019930,07-06-2026,Requested motor insurance policy renewal and premium details
SYN-009786,10-09-2026,Asked to update marketing communication preferences / opt-out request
SYN-023400,08-09-2026,Requested KYC document re-verification / update
SYN-031557,17-04-2026,Requested motor insurance policy renewal and premium details
SYN-036501,05-07-2026,Complained about delayed policy issuance or service turnaround time
SYN-005645,02-09-2026,Requested KYC document re-verification / update
SYN-041995,24-07-2026,Requested premium payment extension / instalment restructuring
SYN-033278,13-05-2026,Requested motor insurance policy renewal and premium details
SYN-000265,30-03-2026,Requested motor insurance policy renewal and premium details
SYN-000290,25-06-2026,Requested motor insurance policy renewal and premium details
SYN-044864,28-07-2026,Requested motor insurance policy renewal and premium details
SYN-039677,04-07-2026,Raised a motor insurance claim status query
SYN-033179,28-02-2026,Requested KYC document re-verification / update
SYN-039478,24-12-2025,Complained about delayed policy issuance or service turnaround time
SYN-012507,01-04-2026,Requested motor insurance policy renewal and premium details
SYN-014318,13-08-2026,Requested motor insurance policy renewal and premium details
SYN-031714,18-03-2026,Complained about delayed policy issuance or service turnaround time
SYN-025893,27-01-2026,Inquired about term deposit interest rates and renewal options
SYN-041823,04-09-2026,Raised a motor insurance claim status query
SYN-003188,06-02-2026,Asked about premature/partial withdrawal of term deposit funds
SYN-038614,08-07-2026,Inquired about term deposit interest rates and renewal options
SYN-038656,21-02-2026,Complained about delayed policy issuance or service turnaround time
SYN-032246,28-05-2026,Asked about premature/partial withdrawal of term deposit funds
SYN-037805,16-01-2026,Requested motor insurance policy renewal and premium details
SYN-020524,14-08-2026,Requested KYC document re-verification / update
SYN-024155,27-07-2026,Requested premium payment extension / instalment restructuring
SYN-028936,06-04-2026,Asked about premature/partial withdrawal of term deposit funds
SYN-025639,27-03-2026,Asked to update marketing communication preferences / opt-out request
SYN-008232,13-03-2026,Requested premium payment extension / instalment restructuring
SYN-023346,13-06-2026,Requested premium payment extension / instalment restructuring
SYN-043696,31-05-2026,Asked to update marketing communication preferences / opt-out request
SYN-012423,25-05-2026,Asked to update marketing communication preferences / opt-out request
SYN-043989,11-04-2026,Asked about premature/partial withdrawal of term deposit funds
SYN-039640,25-07-2026,Asked about premature/partial withdrawal of term deposit funds
SYN-035660,20-07-2026,Requested premium payment extension / instalment restructuring
SYN-044973,12-08-2026,Requested KYC document re-verification / update
SYN-026172,22-08-2026,Inquired about term deposit interest rates and renewal options
SYN-026431,05-02-2026,Raised a motor insurance claim status query
SYN-013827,20-08-2026,Requested KYC document re-verification / update
SYN-037258,12-08-2026,Inquired about term deposit interest rates and renewal options
SYN-026429,19-09-2026,Requested motor insurance policy renewal and premium details
SYN-041748,26-07-2026,Inquired about term deposit interest rates and renewal options
SYN-038472,18-03-2026,Asked about premature/partial withdrawal of term deposit funds
SYN-001633,21-06-2026,Inquired about term deposit interest rates and renewal options
SYN-008122,05-03-2026,Requested premium payment extension / instalment restructuring
SYN-027998,02-04-2026,Inquired about term deposit interest rates and renewal options
SYN-004139,07-02-2026,Requested premium payment extension / instalment restructuring
SYN-037372,22-03-2026,Asked to update marketing communication preferences / opt-out request
SYN-024130,13-05-2026,Requested motor insurance policy renewal and premium details
SYN-020272,01-05-2026,Requested motor insurance policy renewal and premium details
SYN-044241,12-05-2026,Inquired about term deposit interest rates and renewal options
SYN-038205,01-05-2026,Requested KYC document re-verification / update
SYN-037013,15-09-2026,Requested premium payment extension / instalment restructuring
SYN-039435,06-04-2026,Requested motor insurance policy renewal and premium details
SYN-036908,23-05-2026,Asked about premature/partial withdrawal of term deposit funds
SYN-026565,08-08-2026,Requested premium payment extension / instalment restructuring
SYN-019793,20-06-2026,Requested KYC document re-verification / update
SYN-004013,02-02-2026,Complained about delayed policy issuance or service turnaround time
SYN-012900,23-01-2026,Inquired about term deposit interest rates and renewal options
SYN-012668,17-03-2026,Complained about delayed policy issuance or service turnaround time
SYN-011875,04-07-2026,Requested premium payment extension / instalment restructuring
SYN-018608,05-08-2026,Asked to update marketing communication preferences / opt-out request
SYN-043745,13-09-2026,Asked about premature/partial withdrawal of term deposit funds
SYN-015861,03-04-2026,Asked about premature/partial withdrawal of term deposit funds
SYN-014667,28-05-2026,Asked to update marketing communication preferences / opt-out request
SYN-021330,31-12-2025,Asked to update marketing communication preferences / opt-out request
SYN-000262,24-01-2026,Requested KYC document re-verification / update
SYN-011454,04-09-2026,Inquired about term deposit interest rates and renewal options
SYN-025125,20-07-2026,Asked about premature/partial withdrawal of term deposit funds
SYN-026582,10-03-2026,Complained about delayed policy issuance or service turnaround time
SYN-043970,10-04-2026,Requested premium payment extension / instalment restructuring
SYN-024573,28-01-2026,Complained about delayed policy issuance or service turnaround time
SYN-025484,22-01-2026,Requested motor insurance policy renewal and premium details
SYN-037834,30-01-2026,Asked to update marketing communication preferences / opt-out request
SYN-012853,14-05-2026,Requested motor insurance policy renewal and premium details
SYN-014881,20-05-2026,Requested KYC document re-verification / update
SYN-015869,06-05-2026,Requested premium payment extension / instalment restructuring
SYN-029332,05-09-2026,Requested premium payment extension / instalment restructuring
SYN-041881,03-02-2026,Requested premium payment extension / instalment restructuring
SYN-003175,29-04-2026,Requested motor insurance policy renewal and premium details
SYN-031796,02-02-2026,Requested premium payment extension / instalment restructuring
SYN-028715,28-03-2026,Raised a motor insurance claim status query
SYN-036135,17-01-2026,Inquired about term deposit interest rates and renewal options
SYN-012100,29-07-2026,Asked about premature/partial withdrawal of term deposit funds
SYN-030298,26-04-2026,Asked about premature/partial withdrawal of term deposit funds
SYN-031555,10-08-2026,Requested KYC document re-verification / update
SYN-022364,23-01-2026,Requested KYC document re-verification / update
SYN-014576,09-03-2026,Asked about premature/partial withdrawal of term deposit funds
SYN-001457,07-05-2026,Requested motor insurance policy renewal and premium details
SYN-009228,24-06-2026,Requested KYC document re-verification / update
SYN-012614,24-12-2025,Raised a motor insurance claim status query
SYN-033929,09-01-2026,Requested KYC document re-verification / update
SYN-023430,15-03-2026,Requested motor insurance policy renewal and premium details
SYN-038599,11-07-2026,Inquired about term deposit interest rates and renewal options
SYN-029221,30-01-2026,Raised a motor insurance claim status query
SYN-028778,12-09-2026,Requested KYC document re-verification / update
SYN-022298,26-12-2025,Inquired about term deposit interest rates and renewal options
SYN-037307,28-05-2026,Inquired about term deposit interest rates and renewal options
SYN-015168,26-01-2026,Asked to update marketing communication preferences / opt-out request
SYN-040137,06-07-2026,Asked to update marketing communication preferences / opt-out request
SYN-037517,13-06-2026,Complained about delayed policy issuance or service turnaround time
SYN-004361,18-09-2026,Asked about premature/partial withdrawal of term deposit funds
SYN-034214,21-05-2026,Requested motor insurance policy renewal and premium details
SYN-022989,19-03-2026,Asked about premature/partial withdrawal of term deposit funds
SYN-020447,04-09-2026,Complained about delayed policy issuance or service turnaround time
SYN-021416,10-08-2026,Requested motor insurance policy renewal and premium details
SYN-015232,27-07-2026,Complained about delayed policy issuance or service turnaround time
SYN-037694,24-02-2026,Inquired about term deposit interest rates and renewal options
SYN-027182,11-05-2026,Requested KYC document re-verification / update
SYN-030070,26-03-2026,Requested motor insurance policy renewal and premium details
SYN-016810,21-01-2026,Requested motor insurance policy renewal and premium details
SYN-039608,21-01-2026,Inquired about term deposit interest rates and renewal options
SYN-014639,20-05-2026,Raised a motor insurance claim status query
SYN-009772,06-04-2026,Inquired about term deposit interest rates and renewal options
SYN-024482,07-09-2026,Complained about delayed policy issuance or service turnaround time
SYN-028681,11-07-2026,Inquired about term deposit interest rates and renewal options
SYN-044717,28-07-2026,Asked to update marketing communication preferences / opt-out request
SYN-026072,07-09-2026,Requested motor insurance policy renewal and premium details
SYN-032538,23-07-2026,Inquired about term deposit interest rates and renewal options
SYN-010286,03-01-2026,Asked about premature/partial withdrawal of term deposit funds
SYN-036581,02-07-2026,Inquired about term deposit interest rates and renewal options
SYN-014600,22-07-2026,Requested KYC document re-verification / update
SYN-007175,04-08-2026,Requested premium payment extension / instalment restructuring
SYN-007523,02-03-2026,Inquired about term deposit interest rates and renewal options
SYN-016550,02-01-2026,Inquired about term deposit interest rates and renewal options
SYN-015954,15-08-2026,Requested premium payment extension / instalment restructuring
SYN-024093,01-09-2026,Requested KYC document re-verification / update
SYN-030061,07-01-2026,Raised a motor insurance claim status query
SYN-000235,10-08-2026,Asked to update marketing communication preferences / opt-out request
SYN-021311,04-02-2026,Raised a motor insurance claim status query
SYN-034622,02-04-2026,Asked to update marketing communication preferences / opt-out request
SYN-044955,18-01-2026,Raised a motor insurance claim status query
SYN-035509,08-09-2026,Asked about premature/partial withdrawal of term deposit funds
SYN-019349,17-02-2026,Requested KYC document re-verification / update
SYN-025213,03-05-2026,Asked about premature/partial withdrawal of term deposit funds
SYN-023124,19-03-2026,Asked about premature/partial withdrawal of term deposit funds
SYN-026598,20-02-2026,Complained about delayed policy issuance or service turnaround time
SYN-035970,13-06-2026,Asked about premature/partial withdrawal of term deposit funds
SYN-023811,11-05-2026,Requested KYC document re-verification / update
SYN-033111,28-05-2026,Requested motor insurance policy renewal and premium details
SYN-010382,25-12-2025,Requested motor insurance policy renewal and premium details
SYN-037791,22-07-2026,Raised a motor insurance claim status query
SYN-007023,03-06-2026,Asked about premature/partial withdrawal of term deposit funds
SYN-042810,29-08-2026,Requested premium payment extension / instalment restructuring
SYN-022068,24-08-2026,Raised a motor insurance claim status query
SYN-002638,18-02-2026,Asked about premature/partial withdrawal of term deposit funds
SYN-037714,07-08-2026,Raised a motor insurance claim status query
SYN-036560,02-07-2026,Inquired about term deposit interest rates and renewal options
SYN-018067,30-03-2026,Requested KYC document re-verification / update
SYN-012511,02-01-2026,Asked about premature/partial withdrawal of term deposit funds
SYN-000407,13-08-2026,Asked to update marketing communication preferences / opt-out request
SYN-031626,23-07-2026,Complained about delayed policy issuance or service turnaround time
SYN-024566,22-03-2026,Asked about premature/partial withdrawal of term deposit funds
SYN-043858,07-06-2026,Asked about premature/partial withdrawal of term deposit funds
SYN-036141,16-06-2026,Requested KYC document re-verification / update
SYN-000498,22-06-2026,Inquired about term deposit interest rates and renewal options
SYN-031432,11-07-2026,Asked to update marketing communication preferences / opt-out request
SYN-009344,12-06-2026,Requested motor insurance policy renewal and premium details
SYN-015199,02-04-2026,Requested KYC document re-verification / update
SYN-009316,07-04-2026,Inquired about term deposit interest rates and renewal options
SYN-041271,23-01-2026,Raised a motor insurance claim status query
SYN-006406,16-02-2026,Asked about premature/partial withdrawal of term deposit funds
SYN-028982,21-07-2026,Requested premium payment extension / instalment restructuring
SYN-012808,18-03-2026,Asked about premature/partial withdrawal of term deposit funds
SYN-036351,22-03-2026,Requested motor insurance policy renewal and premium details
SYN-030961,13-02-2026,Raised a motor insurance claim status query
SYN-024442,17-08-2026,Inquired about term deposit interest rates and renewal options
SYN-022432,06-08-2026,Asked to update marketing communication preferences / opt-out request
SYN-022564,05-05-2026,Asked to update marketing communication preferences / opt-out request
SYN-012804,18-03-2026,Raised a motor insurance claim status query
SYN-019540,23-08-2026,Raised a motor insurance claim status query
SYN-030235,06-06-2026,Requested motor insurance policy renewal and premium details
SYN-029146,16-04-2026,Inquired about term deposit interest rates and renewal options
SYN-028291,05-06-2026,Requested motor insurance policy renewal and premium details
SYN-004365,30-01-2026,Inquired about term deposit interest rates and renewal options
SYN-032749,08-03-2026,Requested KYC document re-verification / update
SYN-023179,02-03-2026,Asked to update marketing communication preferences / opt-out request
SYN-021259,03-06-2026,Requested KYC document re-verification / update
SYN-014827,20-08-2026,Requested premium payment extension / instalment restructuring
SYN-030007,06-02-2026,Asked about premature/partial withdrawal of term deposit funds
SYN-033856,10-08-2026,Requested motor insurance policy renewal and premium details
SYN-042493,18-07-2026,Requested KYC document re-verification / update
SYN-044248,01-02-2026,Asked to update marketing communication preferences / opt-out request
SYN-034146,03-04-2026,Requested premium payment extension / instalment restructuring
SYN-036548,04-05-2026,Complained about delayed policy issuance or service turnaround time
SYN-024810,27-01-2026,Asked to update marketing communication preferences / opt-out request
SYN-008076,15-07-2026,Asked to update marketing communication preferences / opt-out request
SYN-044765,16-03-2026,Raised a motor insurance claim status query
SYN-010465,23-08-2026,Raised a motor insurance claim status query
SYN-000744,21-02-2026,Requested KYC document re-verification / update
SYN-033912,29-01-2026,Requested motor insurance policy renewal and premium details
SYN-024948,01-09-2026,Asked about premature/partial withdrawal of term deposit funds
SYN-025705,30-05-2026,Requested premium payment extension / instalment restructuring
SYN-023953,17-05-2026,Raised a motor insurance claim status query
SYN-005686,24-02-2026,Asked about premature/partial withdrawal of term deposit funds
SYN-015056,30-06-2026,Raised a motor insurance claim status query
SYN-017973,11-01-2026,Requested premium payment extension / instalment restructuring
SYN-035069,10-08-2026,Inquired about term deposit interest rates and renewal options
SYN-035031,25-12-2025,Asked to update marketing communication preferences / opt-out request
SYN-003335,27-02-2026,Requested KYC document re-verification / update
SYN-023265,13-06-2026,Requested motor insurance policy renewal and premium details
SYN-007290,29-06-2026,Raised a motor insurance claim status query
SYN-001832,27-08-2026,Requested KYC document re-verification / update
SYN-028073,09-07-2026,Asked about premature/partial withdrawal of term deposit funds
SYN-011727,21-03-2026,Requested motor insurance policy renewal and premium details
SYN-015649,17-09-2026,Requested motor insurance policy renewal and premium details
SYN-034782,04-01-2026,Requested KYC document re-verification / update
SYN-005287,21-08-2026,Requested KYC document re-verification / update
SYN-027897,27-04-2026,Requested premium payment extension / instalment restructuring
SYN-019761,20-02-2026,Requested KYC document re-verification / update
SYN-007830,24-08-2026,Inquired about term deposit interest rates and renewal options
SYN-019287,07-06-2026,Inquired about term deposit interest rates and renewal options
SYN-006607,02-06-2026,Requested motor insurance policy renewal and premium details
SYN-021418,01-09-2026,Asked to update marketing communication preferences / opt-out request
SYN-027628,04-09-2026,Requested KYC document re-verification / update
SYN-031467,24-12-2025,Complained about delayed policy issuance or service turnaround time
SYN-009612,04-08-2026,Complained about delayed policy issuance or service turnaround time
SYN-016084,27-04-2026,Inquired about term deposit interest rates and renewal options
SYN-010931,17-04-2026,Requested motor insurance policy renewal and premium details
SYN-001907,21-08-2026,Raised a motor insurance claim status query
SYN-015044,07-06-2026,Asked to update marketing communication preferences / opt-out request
SYN-005990,24-04-2026,Requested premium payment extension / instalment restructuring
SYN-005456,03-08-2026,Asked to update marketing communication preferences / opt-out request
SYN-039106,21-03-2026,Complained about delayed policy issuance or service turnaround time
SYN-039412,15-04-2026,Requested KYC document re-verification / update
SYN-037259,09-08-2026,Inquired about term deposit interest rates and renewal options
SYN-003834,08-04-2026,Requested motor insurance policy renewal and premium details
SYN-011626,30-03-2026,Requested KYC document re-verification / update
SYN-000224,18-06-2026,Requested motor insurance policy renewal and premium details
SYN-025293,18-02-2026,Raised a motor insurance claim status query
SYN-044620,16-03-2026,Complained about delayed policy issuance or service turnaround time
SYN-005093,24-06-2026,Requested motor insurance policy renewal and premium details
SYN-028208,06-01-2026,Requested premium payment extension / instalment restructuring
SYN-018679,15-01-2026,Requested premium payment extension / instalment restructuring
SYN-011813,28-07-2026,Requested motor insurance policy renewal and premium details
SYN-040068,29-04-2026,Raised a motor insurance claim status query
SYN-044652,15-09-2026,Asked about premature/partial withdrawal of term deposit funds
SYN-024914,14-08-2026,Requested premium payment extension / instalment restructuring
SYN-010947,24-05-2026,Requested KYC document re-verification / update
SYN-030866,20-04-2026,Raised a motor insurance claim status query
SYN-044888,17-01-2026,Requested premium payment extension / instalment restructuring
SYN-038727,20-02-2026,Complained about delayed policy issuance or service turnaround time
SYN-017502,13-05-2026,Raised a motor insurance claim status query
SYN-004921,12-03-2026,Asked to update marketing communication preferences / opt-out request
SYN-011038,07-03-2026,Complained about delayed policy issuance or service turnaround time
SYN-042610,07-01-2026,Asked to update marketing communication preferences / opt-out request
SYN-010242,25-04-2026,Requested KYC document re-verification / update
SYN-033108,27-12-2025,Complained about delayed policy issuance or service turnaround time
SYN-021094,01-04-2026,Requested motor insurance policy renewal and premium details
SYN-008032,24-04-2026,Inquired about term deposit interest rates and renewal options
SYN-040595,25-04-2026,Requested KYC document re-verification / update
SYN-016267,29-12-2025,Asked to update marketing communication preferences / opt-out request
SYN-005599,17-06-2026,Raised a motor insurance claim status query
SYN-000146,18-03-2026,Requested motor insurance policy renewal and premium details
SYN-025871,06-01-2026,Complained about delayed policy issuance or service turnaround time
SYN-026560,21-02-2026,Asked about premature/partial withdrawal of term deposit funds
SYN-030442,17-09-2026,Requested motor insurance policy renewal and premium details
SYN-001626,06-04-2026,Inquired about term deposit interest rates and renewal options
SYN-045003,27-02-2026,Requested motor insurance policy renewal and premium details
SYN-015140,26-03-2026,Requested premium payment extension / instalment restructuring
SYN-005430,24-08-2026,Inquired about term deposit interest rates and renewal options
SYN-041383,22-08-2026,Asked about premature/partial withdrawal of term deposit funds
SYN-000973,16-05-2026,Asked about premature/partial withdrawal of term deposit funds
SYN-044619,07-06-2026,Requested motor insurance policy renewal and premium details
SYN-036998,13-07-2026,Requested KYC document re-verification / update
SYN-018344,05-06-2026,Requested KYC document re-verification / update
SYN-015356,24-03-2026,Requested KYC document re-verification / update
SYN-007920,10-06-2026,Complained about delayed policy issuance or service turnaround time
SYN-021807,01-01-2026,Complained about delayed policy issuance or service turnaround time
SYN-003134,21-04-2026,Asked about premature/partial withdrawal of term deposit funds
SYN-021263,11-08-2026,Requested premium payment extension / instalment restructuring
SYN-044740,06-05-2026,Inquired about term deposit interest rates and renewal options
SYN-038639,27-03-2026,Complained about delayed policy issuance or service turnaround time
SYN-030192,15-07-2026,Complained about delayed policy issuance or service turnaround time
SYN-032239,22-04-2026,Raised a motor insurance claim status query
SYN-035271,20-02-2026,Requested motor insurance policy renewal and premium details
SYN-039323,27-05-2026,Complained about delayed policy issuance or service turnaround time
SYN-018791,07-05-2026,Complained about delayed policy issuance or service turnaround time
SYN-009487,26-04-2026,Inquired about term deposit interest rates and renewal options
SYN-015774,07-04-2026,Raised a motor insurance claim status query
SYN-010526,04-02-2026,Asked about premature/partial withdrawal of term deposit funds
SYN-011591,09-05-2026,Raised a motor insurance claim status query
SYN-018349,24-03-2026,Requested premium payment extension / instalment restructuring
SYN-025748,08-08-2026,Asked about premature/partial withdrawal of term deposit funds
SYN-037033,04-05-2026,Asked about premature/partial withdrawal of term deposit funds
SYN-041250,10-01-2026,Complained about delayed policy issuance or service turnaround time
SYN-036958,19-03-2026,Complained about delayed policy issuance or service turnaround time
SYN-004055,17-07-2026,Complained about delayed policy issuance or service turnaround time
SYN-011524,24-03-2026,Inquired about term deposit interest rates and renewal options
SYN-025483,18-02-2026,Requested KYC document re-verification / update
SYN-003471,20-04-2026,Requested premium payment extension / instalment restructuring
SYN-025546,20-05-2026,Requested KYC document re-verification / update
SYN-004103,18-06-2026,Inquired about term deposit interest rates and renewal options
SYN-044428,30-06-2026,Asked to update marketing communication preferences / opt-out request
SYN-006855,04-06-2026,Requested motor insurance policy renewal and premium details
SYN-041275,23-01-2026,Asked about premature/partial withdrawal of term deposit funds
SYN-033453,15-07-2026,Requested motor insurance policy renewal and premium details
SYN-039716,26-12-2025,Requested premium payment extension / instalment restructuring
SYN-040607,20-01-2026,Asked about premature/partial withdrawal of term deposit funds
SYN-001728,07-05-2026,Complained about delayed policy issuance or service turnaround time
SYN-020552,14-04-2026,Asked about premature/partial withdrawal of term deposit funds
SYN-008191,21-04-2026,Asked to update marketing communication preferences / opt-out request
SYN-032778,09-08-2026,Complained about delayed policy issuance or service turnaround time
SYN-007694,25-08-2026,Requested KYC document re-verification / update
SYN-005375,07-04-2026,Asked to update marketing communication preferences / opt-out request
SYN-003586,15-06-2026,Requested premium payment extension / instalment restructuring
SYN-033224,27-12-2025,Requested KYC document re-verification / update
SYN-031961,20-05-2026,Asked about premature/partial withdrawal of term deposit funds
SYN-043869,28-08-2026,Requested premium payment extension / instalment restructuring
SYN-033245,06-03-2026,Requested premium payment extension / instalment restructuring
SYN-002017,10-08-2026,Complained about delayed policy issuance or service turnaround time
SYN-020215,22-05-2026,Requested KYC document re-verification / update
SYN-002061,16-09-2026,Requested KYC document re-verification / update
SYN-030694,08-01-2026,Complained about delayed policy issuance or service turnaround time
SYN-004904,12-05-2026,Asked to update marketing communication preferences / opt-out request
SYN-011520,21-03-2026,Asked to update marketing communication preferences / opt-out request
SYN-037576,05-06-2026,Raised a motor insurance claim status query
SYN-011506,27-03-2026,Requested premium payment extension / instalment restructuring
SYN-024875,10-07-2026,Requested premium payment extension / instalment restructuring
SYN-041233,12-07-2026,Raised a motor insurance claim status query
SYN-028126,13-07-2026,Complained about delayed policy issuance or service turnaround time
SYN-022231,30-12-2025,Asked about premature/partial withdrawal of term deposit funds
SYN-000315,20-05-2026,Requested premium payment extension / instalment restructuring
SYN-033543,05-02-2026,Requested KYC document re-verification / update
SYN-005087,21-03-2026,Requested premium payment extension / instalment restructuring
SYN-004701,05-02-2026,Requested premium payment extension / instalment restructuring
SYN-036453,10-07-2026,Asked to update marketing communication preferences / opt-out request
SYN-014982,12-09-2026,Raised a motor insurance claim status query
SYN-043722,10-07-2026,Requested motor insurance policy renewal and premium details
SYN-005201,20-02-2026,Asked about premature/partial withdrawal of term deposit funds
SYN-015459,31-12-2025,Asked about premature/partial withdrawal of term deposit funds
SYN-042762,05-08-2026,Requested premium payment extension / instalment restructuring
SYN-030608,23-04-2026,Requested motor insurance policy renewal and premium details
SYN-028416,01-07-2026,Asked about premature/partial withdrawal of term deposit funds
SYN-019995,02-01-2026,Requested KYC document re-verification / update
SYN-028946,29-03-2026,Requested premium payment extension / instalment restructuring
SYN-022103,30-04-2026,Asked to update marketing communication preferences / opt-out request
SYN-015955,12-03-2026,Raised a motor insurance claim status query
SYN-021781,14-04-2026,Inquired about term deposit interest rates and renewal options
SYN-025595,26-01-2026,Requested premium payment extension / instalment restructuring
SYN-030717,29-06-2026,Raised a motor insurance claim status query
SYN-014734,29-03-2026,Complained about delayed policy issuance or service turnaround time
SYN-027397,03-05-2026,Requested motor insurance policy renewal and premium details
SYN-031394,18-07-2026,Inquired about term deposit interest rates and renewal options
SYN-020149,01-08-2026,Complained about delayed policy issuance or service turnaround time
SYN-021211,17-02-2026,Asked to update marketing communication preferences / opt-out request
SYN-022164,18-05-2026,Complained about delayed policy issuance or service turnaround time
SYN-043032,15-08-2026,Asked to update marketing communication preferences / opt-out request
SYN-040120,04-05-2026,Requested KYC document re-verification / update
SYN-027355,26-06-2026,Requested KYC document re-verification / update
SYN-006256,26-07-2026,Requested premium payment extension / instalment restructuring
SYN-028971,14-01-2026,Asked to update marketing communication preferences / opt-out request
SYN-034933,10-02-2026,Requested premium payment extension / instalment restructuring
SYN-043589,14-01-2026,Raised a motor insurance claim status query
SYN-018165,18-02-2026,Requested premium payment extension / instalment restructuring
SYN-028643,15-04-2026,Asked about premature/partial withdrawal of term deposit funds
SYN-034339,18-06-2026,Complained about delayed policy issuance or service turnaround time
SYN-035551,07-04-2026,Asked about premature/partial withdrawal of term deposit funds
SYN-014870,26-07-2026,Requested motor insurance policy renewal and premium details
SYN-014461,30-06-2026,Asked about premature/partial withdrawal of term deposit funds
SYN-026706,17-08-2026,Requested KYC document re-verification / update
SYN-030194,19-07-2026,Inquired about term deposit interest rates and renewal options
SYN-026852,18-09-2026,Complained about delayed policy issuance or service turnaround time
SYN-008176,14-03-2026,Raised a motor insurance claim status query
SYN-015227,08-08-2026,Requested premium payment extension / instalment restructuring
SYN-005054,17-06-2026,Raised a motor insurance claim status query
SYN-032927,25-04-2026,Raised a motor insurance claim status query
SYN-010779,13-09-2026,Asked about premature/partial withdrawal of term deposit funds
SYN-023515,18-02-2026,Inquired about term deposit interest rates and renewal options
SYN-026704,14-06-2026,Asked about premature/partial withdrawal of term deposit funds
SYN-032097,09-08-2026,Asked about premature/partial withdrawal of term deposit funds
SYN-009583,21-01-2026,Asked to update marketing communication preferences / opt-out request
SYN-030917,08-06-2026,Complained about delayed policy issuance or service turnaround time
SYN-008647,16-01-2026,Requested KYC document re-verification / update
SYN-030265,04-07-2026,Complained about delayed policy issuance or service turnaround time
SYN-035916,19-05-2026,Requested premium payment extension / instalment restructuring
SYN-025882,19-08-2026,Requested KYC document re-verification / update
SYN-016226,06-04-2026,Complained about delayed policy issuance or service turnaround time
SYN-042111,21-08-2026,Complained about delayed policy issuance or service turnaround time
SYN-010696,09-01-2026,Asked about premature/partial withdrawal of term deposit funds
SYN-005801,04-04-2026,Complained about delayed policy issuance or service turnaround time
SYN-001489,19-08-2026,Requested motor insurance policy renewal and premium details
SYN-023776,20-03-2026,Requested premium payment extension / instalment restructuring
SYN-029949,29-07-2026,Requested premium payment extension / instalment restructuring
SYN-023786,24-04-2026,Requested motor insurance policy renewal and premium details
SYN-041743,06-07-2026,Requested motor insurance policy renewal and premium details
SYN-029062,13-07-2026,Complained about delayed policy issuance or service turnaround time
SYN-019464,03-02-2026,Asked to update marketing communication preferences / opt-out request
SYN-033759,14-08-2026,Asked to update marketing communication preferences / opt-out request
SYN-006611,08-05-2026,Asked about premature/partial withdrawal of term deposit funds
SYN-003778,21-07-2026,Requested premium payment extension / instalment restructuring
SYN-016795,12-05-2026,Inquired about term deposit interest rates and renewal options
SYN-002756,19-09-2026,Asked to update marketing communication preferences / opt-out request
SYN-016819,22-07-2026,Asked to update marketing communication preferences / opt-out request
SYN-041257,20-08-2026,Requested motor insurance policy renewal and premium details
SYN-018729,30-12-2025,Asked to update marketing communication preferences / opt-out request
SYN-013323,13-09-2026,Requested KYC document re-verification / update
SYN-027849,08-05-2026,Raised a motor insurance claim status query
SYN-042322,31-08-2026,Asked to update marketing communication preferences / opt-out request
SYN-019474,01-05-2026,Raised a motor insurance claim status query
SYN-011016,30-04-2026,Asked about premature/partial withdrawal of term deposit funds
SYN-014360,22-02-2026,Raised a motor insurance claim status query
SYN-044042,18-05-2026,Requested premium payment extension / instalment restructuring
SYN-006438,17-09-2026,Asked to update marketing communication preferences / opt-out request
SYN-026968,12-05-2026,Asked about premature/partial withdrawal of term deposit funds
SYN-011696,07-07-2026,Raised a motor insurance claim status query
SYN-040424,13-04-2026,Inquired about term deposit interest rates and renewal options
SYN-009858,03-09-2026,Inquired about term deposit interest rates and renewal options
SYN-035450,19-08-2026,Inquired about term deposit interest rates and renewal options
SYN-017808,18-04-2026,Inquired about term deposit interest rates and renewal options
SYN-043356,31-05-2026,Asked to update marketing communication preferences / opt-out request
SYN-041172,14-06-2026,Requested motor insurance policy renewal and premium details
SYN-038743,02-01-2026,Requested premium payment extension / instalment restructuring
SYN-027123,20-06-2026,Requested KYC document re-verification / update
SYN-034787,27-04-2026,Inquired about term deposit interest rates and renewal options
SYN-035193,17-09-2026,Complained about delayed policy issuance or service turnaround time
SYN-012751,03-08-2026,Requested motor insurance policy renewal and premium details
SYN-032664,17-07-2026,Asked about premature/partial withdrawal of term deposit funds
SYN-041019,11-02-2026,Raised a motor insurance claim status query
SYN-024527,26-04-2026,Raised a motor insurance claim status query
SYN-030743,24-03-2026,Requested motor insurance policy renewal and premium details
SYN-013243,01-07-2026,Complained about delayed policy issuance or service turnaround time
SYN-028347,11-03-2026,Complained about delayed policy issuance or service turnaround time
SYN-019808,20-05-2026,Asked to update marketing communication preferences / opt-out request
SYN-020258,04-02-2026,Raised a motor insurance claim status query
SYN-015071,30-06-2026,Complained about delayed policy issuance or service turnaround time
SYN-004415,28-06-2026,Inquired about term deposit interest rates and renewal options
SYN-031306,20-01-2026,Requested premium payment extension / instalment restructuring
SYN-004952,17-02-2026,Raised a motor insurance claim status query
SYN-042465,30-03-2026,Inquired about term deposit interest rates and renewal options
SYN-021500,07-06-2026,Inquired about term deposit interest rates and renewal options
SYN-003669,25-07-2026,Raised a motor insurance claim status query
SYN-003949,04-04-2026,Requested premium payment extension / instalment restructuring
SYN-011565,24-01-2026,Requested motor insurance policy renewal and premium details
SYN-030713,07-07-2026,Asked about premature/partial withdrawal of term deposit funds
SYN-038653,08-03-2026,Asked to update marketing communication preferences / opt-out request
SYN-010984,14-02-2026,Requested motor insurance policy renewal and premium details
SYN-021803,20-04-2026,Requested KYC document re-verification / update
SYN-017795,24-12-2025,Requested KYC document re-verification / update
SYN-009301,14-08-2026,Inquired about term deposit interest rates and renewal options
SYN-004080,26-03-2026,Inquired about term deposit interest rates and renewal options
SYN-005222,04-03-2026,Requested motor insurance policy renewal and premium details
SYN-020526,03-04-2026,Requested premium payment extension / instalment restructuring
SYN-004977,18-05-2026,Requested motor insurance policy renewal and premium details
SYN-032654,10-04-2026,Inquired about term deposit interest rates and renewal options
SYN-026881,13-01-2026,Complained about delayed policy issuance or service turnaround time
SYN-030927,04-02-2026,Asked about premature/partial withdrawal of term deposit funds
SYN-018505,28-04-2026,Asked about premature/partial withdrawal of term deposit funds
SYN-016033,30-05-2026,Requested KYC document re-verification / update
SYN-003443,20-06-2026,Complained about delayed policy issuance or service turnaround time
SYN-028613,23-03-2026,Asked about premature/partial withdrawal of term deposit funds
SYN-014741,15-05-2026,Raised a motor insurance claim status query
SYN-001909,04-04-2026,Inquired about term deposit interest rates and renewal options
SYN-011389,04-01-2026,Requested motor insurance policy renewal and premium details
SYN-028348,19-07-2026,Inquired about term deposit interest rates and renewal options
SYN-035036,20-02-2026,Asked to update marketing communication preferences / opt-out request
SYN-040475,21-01-2026,Raised a motor insurance claim status query
SYN-028237,07-05-2026,Asked about premature/partial withdrawal of term deposit funds
SYN-031823,12-08-2026,Inquired about term deposit interest rates and renewal options
SYN-000509,14-07-2026,Raised a motor insurance claim status query
SYN-041533,25-07-2026,Complained about delayed policy issuance or service turnaround time
SYN-013348,20-04-2026,Asked about premature/partial withdrawal of term deposit funds
SYN-003579,03-03-2026,Requested premium payment extension / instalment restructuring
SYN-014140,25-06-2026,Requested KYC document re-verification / update
SYN-032415,12-08-2026,Complained about delayed policy issuance or service turnaround time
SYN-031294,15-01-2026,Requested KYC document re-verification / update
SYN-009723,29-05-2026,Requested KYC document re-verification / update
SYN-013854,28-02-2026,Complained about delayed policy issuance or service turnaround time
SYN-036635,26-02-2026,Raised a motor insurance claim status query
SYN-004988,08-05-2026,Raised a motor insurance claim status query
SYN-040122,01-01-2026,Requested motor insurance policy renewal and premium details
SYN-002815,20-05-2026,Requested motor insurance policy renewal and premium details
SYN-016474,29-06-2026,Requested KYC document re-verification / update
SYN-044787,19-02-2026,Inquired about term deposit interest rates and renewal options
SYN-016574,29-03-2026,Asked about premature/partial withdrawal of term deposit funds
SYN-036115,27-01-2026,Requested motor insurance policy renewal and premium details
SYN-042795,17-08-2026,Asked about premature/partial withdrawal of term deposit funds
SYN-038826,02-04-2026,Complained about delayed policy issuance or service turnaround time
SYN-037501,02-05-2026,Asked to update marketing communication preferences / opt-out request
SYN-007439,26-08-2026,Inquired about term deposit interest rates and renewal options
SYN-017106,15-06-2026,Requested KYC document re-verification / update
SYN-010312,30-08-2026,Requested premium payment extension / instalment restructuring
SYN-040713,02-06-2026,Asked about premature/partial withdrawal of term deposit funds
SYN-033505,30-06-2026,Complained about delayed policy issuance or service turnaround time
SYN-006169,05-06-2026,Asked to update marketing communication preferences / opt-out request
SYN-029836,27-12-2025,Requested KYC document re-verification / update
SYN-016375,27-03-2026,Requested premium payment extension / instalment restructuring
SYN-040694,03-06-2026,Asked about premature/partial withdrawal of term deposit funds
SYN-016067,13-08-2026,Inquired about term deposit interest rates and renewal options
SYN-030088,16-02-2026,Requested motor insurance policy renewal and premium details
SYN-041827,11-05-2026,Raised a motor insurance claim status query
SYN-003641,11-02-2026,Requested KYC document re-verification / update
SYN-015207,24-12-2025,Requested motor insurance policy renewal and premium details
SYN-020710,30-12-2025,Asked about premature/partial withdrawal of term deposit funds
SYN-025888,05-07-2026,Complained about delayed policy issuance or service turnaround time
SYN-022277,17-02-2026,Complained about delayed policy issuance or service turnaround time
SYN-038302,19-06-2026,Requested motor insurance policy renewal and premium details
SYN-023846,04-05-2026,Raised a motor insurance claim status query
SYN-007698,02-07-2026,Requested KYC document re-verification / update
SYN-018471,01-08-2026,Requested KYC document re-verification / update
SYN-011078,27-01-2026,Requested motor insurance policy renewal and premium details
SYN-039582,21-04-2026,Asked to update marketing communication preferences / opt-out request
SYN-040070,17-06-2026,Asked to update marketing communication preferences / opt-out request
SYN-016393,07-04-2026,Inquired about term deposit interest rates and renewal options
SYN-041181,22-06-2026,Asked about premature/partial withdrawal of term deposit funds
SYN-040196,03-09-2026,Requested motor insurance policy renewal and premium details
SYN-030617,03-02-2026,Inquired about term deposit interest rates and renewal options
SYN-011700,10-02-2026,Requested KYC document re-verification / update
SYN-001130,30-01-2026,Asked about premature/partial withdrawal of term deposit funds
SYN-016735,28-02-2026,Requested KYC document re-verification / update
SYN-017201,06-01-2026,Raised a motor insurance claim status query
SYN-015001,06-01-2026,Complained about delayed policy issuance or service turnaround time
SYN-039764,14-04-2026,Requested premium payment extension / instalment restructuring
SYN-008397,04-01-2026,Inquired about term deposit interest rates and renewal options
SYN-028400,01-03-2026,Asked to update marketing communication preferences / opt-out request
SYN-025805,28-03-2026,Raised a motor insurance claim status query
SYN-034276,30-06-2026,Raised a motor insurance claim status query
SYN-002535,26-08-2026,Raised a motor insurance claim status query
SYN-013971,02-09-2026,Asked to update marketing communication preferences / opt-out request
SYN-037168,03-01-2026,Asked to update marketing communication preferences / opt-out request
SYN-009229,27-05-2026,Inquired about term deposit interest rates and renewal options
SYN-012065,24-04-2026,Asked about premature/partial withdrawal of term deposit funds
SYN-001128,30-08-2026,Requested premium payment extension / instalment restructuring
SYN-029350,18-06-2026,Requested KYC document re-verification / update
SYN-039472,25-04-2026,Asked about premature/partial withdrawal of term deposit funds
SYN-023115,17-05-2026,Complained about delayed policy issuance or service turnaround time
SYN-007006,08-02-2026,Asked about premature/partial withdrawal of term deposit funds
SYN-012377,22-05-2026,Asked about premature/partial withdrawal of term deposit funds
SYN-006718,15-05-2026,Requested KYC document re-verification / update
SYN-004659,20-04-2026,Requested KYC document re-verification / update
SYN-005791,04-03-2026,Inquired about term deposit interest rates and renewal options
SYN-003331,25-04-2026,Complained about delayed policy issuance or service turnaround time
SYN-044287,11-02-2026,Requested motor insurance policy renewal and premium details
SYN-042271,04-02-2026,Asked to update marketing communication preferences / opt-out request
SYN-037480,25-03-2026,Asked to update marketing communication preferences / opt-out request
SYN-004256,14-06-2026,Requested KYC document re-verification / update
SYN-007648,27-05-2026,Requested KYC document re-verification / update
SYN-039810,20-05-2026,Complained about delayed policy issuance or service turnaround time
SYN-015829,09-03-2026,Requested motor insurance policy renewal and premium details
SYN-029412,23-01-2026,Requested KYC document re-verification / update
SYN-010457,17-02-2026,Asked about premature/partial withdrawal of term deposit funds
SYN-027754,17-09-2026,Complained about delayed policy issuance or service turnaround time
SYN-004571,15-01-2026,Requested KYC document re-verification / update
SYN-020574,01-01-2026,Inquired about term deposit interest rates and renewal options
SYN-002354,05-04-2026,Requested KYC document re-verification / update
SYN-023629,02-01-2026,Requested motor insurance policy renewal and premium details
SYN-025803,17-09-2026,Asked about premature/partial withdrawal of term deposit funds
SYN-037414,03-01-2026,Requested motor insurance policy renewal and premium details
SYN-036895,16-02-2026,Asked to update marketing communication preferences / opt-out request
SYN-023153,02-01-2026,Complained about delayed policy issuance or service turnaround time
SYN-022952,25-07-2026,Requested KYC document re-verification / update
SYN-001743,03-04-2026,Requested KYC document re-verification / update
SYN-031219,29-06-2026,Requested premium payment extension / instalment restructuring
SYN-013141,04-03-2026,Inquired about term deposit interest rates and renewal options
SYN-010656,17-04-2026,Asked about premature/partial withdrawal of term deposit funds
SYN-040975,08-05-2026,Requested KYC document re-verification / update
SYN-003968,27-02-2026,Requested premium payment extension / instalment restructuring
SYN-019537,19-03-2026,Inquired about term deposit interest rates and renewal options
SYN-030667,27-06-2026,Inquired about term deposit interest rates and renewal options
SYN-044189,05-05-2026,Requested motor insurance policy renewal and premium details
SYN-034612,14-02-2026,Asked about premature/partial withdrawal of term deposit funds
SYN-009187,06-06-2026,Raised a motor insurance claim status query
SYN-037255,25-07-2026,Complained about delayed policy issuance or service turnaround time
SYN-031155,20-06-2026,Requested premium payment extension / instalment restructuring
SYN-025919,23-07-2026,Inquired about term deposit interest rates and renewal options
SYN-037581,04-01-2026,Raised a motor insurance claim status query
SYN-038024,11-03-2026,Requested motor insurance policy renewal and premium details
SYN-021472,26-05-2026,Inquired about term deposit interest rates and renewal options
SYN-005837,09-03-2026,Complained about delayed policy issuance or service turnaround time
SYN-042121,15-04-2026,Asked to update marketing communication preferences / opt-out request
SYN-033787,15-08-2026,Asked about premature/partial withdrawal of term deposit funds
SYN-012579,31-05-2026,Asked to update marketing communication preferences / opt-out request
SYN-000951,03-02-2026,Raised a motor insurance claim status query
SYN-011458,07-03-2026,Asked about premature/partial withdrawal of term deposit funds
SYN-026134,21-03-2026,Raised a motor insurance claim status query
SYN-004145,09-01-2026,Requested premium payment extension / instalment restructuring
SYN-040328,24-01-2026,Requested motor insurance policy renewal and premium details
SYN-024404,09-08-2026,Inquired about term deposit interest rates and renewal options
SYN-027839,24-06-2026,Inquired about term deposit interest rates and renewal options
SYN-003553,28-03-2026,Requested motor insurance policy renewal and premium details
SYN-008716,18-08-2026,Asked to update marketing communication preferences / opt-out request
SYN-005729,23-08-2026,Complained about delayed policy issuance or service turnaround time
SYN-040729,23-02-2026,Complained about delayed policy issuance or service turnaround time
SYN-003305,22-06-2026,Requested KYC document re-verification / update
SYN-007603,30-06-2026,Raised a motor insurance claim status query
SYN-017874,15-01-2026,Complained about delayed policy issuance or service turnaround time
SYN-001772,13-03-2026,Complained about delayed policy issuance or service turnaround time
SYN-013315,02-09-2026,Raised a motor insurance claim status query
SYN-037861,19-02-2026,Requested KYC document re-verification / update
SYN-028775,21-02-2026,Asked to update marketing communication preferences / opt-out request
SYN-027792,18-09-2026,Requested motor insurance policy renewal and premium details
SYN-042651,18-06-2026,Asked about premature/partial withdrawal of term deposit funds
SYN-026979,03-09-2026,Asked about premature/partial withdrawal of term deposit funds
SYN-022357,24-01-2026,Requested motor insurance policy renewal and premium details
SYN-005772,04-09-2026,Asked about premature/partial withdrawal of term deposit funds
SYN-030930,18-04-2026,Requested motor insurance policy renewal and premium details
SYN-023426,27-03-2026,Raised a motor insurance claim status query
SYN-010499,12-05-2026,Requested premium payment extension / instalment restructuring
SYN-008508,19-07-2026,Raised a motor insurance claim status query
SYN-042454,13-05-2026,Requested premium payment extension / instalment restructuring
SYN-006193,08-06-2026,Requested KYC document re-verification / update
SYN-012739,24-12-2025,Requested premium payment extension / instalment restructuring
SYN-043676,26-12-2025,Complained about delayed policy issuance or service turnaround time
SYN-015205,23-08-2026,Requested motor insurance policy renewal and premium details
SYN-003376,15-02-2026,Complained about delayed policy issuance or service turnaround time
SYN-000621,09-05-2026,Asked about premature/partial withdrawal of term deposit funds
SYN-018943,17-08-2026,Requested motor insurance policy renewal and premium details
SYN-015593,21-02-2026,Inquired about term deposit interest rates and renewal options
SYN-031598,18-03-2026,Requested KYC document re-verification / update
SYN-020296,23-03-2026,Inquired about term deposit interest rates and renewal options
SYN-017079,19-03-2026,Requested KYC document re-verification / update
SYN-003901,24-08-2026,Requested KYC document re-verification / update
SYN-028506,31-05-2026,Requested KYC document re-verification / update
SYN-027292,06-05-2026,Requested premium payment extension / instalment restructuring
SYN-026595,25-08-2026,Inquired about term deposit interest rates and renewal options
SYN-009632,01-01-2026,Asked to update marketing communication preferences / opt-out request
SYN-032985,08-05-2026,Requested KYC document re-verification / update
SYN-042744,25-12-2025,Requested motor insurance policy renewal and premium details
SYN-044697,27-03-2026,Requested motor insurance policy renewal and premium details
SYN-032897,10-09-2026,Asked to update marketing communication preferences / opt-out request
SYN-043218,02-06-2026,Inquired about term deposit interest rates and renewal options
SYN-003413,31-05-2026,Requested premium payment extension / instalment restructuring
SYN-010917,11-06-2026,Requested premium payment extension / instalment restructuring
SYN-004288,27-12-2025,Raised a motor insurance claim status query
SYN-041121,28-12-2025,Raised a motor insurance claim status query
SYN-036273,17-04-2026,Inquired about term deposit interest rates and renewal options
SYN-009362,19-02-2026,Asked to update marketing communication preferences / opt-out request
SYN-043699,28-07-2026,Requested premium payment extension / instalment restructuring
SYN-028925,20-04-2026,Requested KYC document re-verification / update
SYN-043826,01-01-2026,Requested KYC document re-verification / update
SYN-024906,06-02-2026,Requested KYC document re-verification / update
SYN-033171,16-06-2026,Inquired about term deposit interest rates and renewal options
SYN-017696,30-03-2026,Requested KYC document re-verification / update
SYN-003649,27-02-2026,Requested motor insurance policy renewal and premium details
SYN-007226,27-07-2026,Requested KYC document re-verification / update
SYN-012173,28-01-2026,Inquired about term deposit interest rates and renewal options
SYN-007074,06-03-2026,Requested KYC document re-verification / update
SYN-031768,06-02-2026,Requested motor insurance policy renewal and premium details
SYN-020883,07-06-2026,Complained about delayed policy issuance or service turnaround time
SYN-003039,26-03-2026,Asked to update marketing communication preferences / opt-out request
SYN-040549,27-02-2026,Asked to update marketing communication preferences / opt-out request
SYN-037210,12-02-2026,Inquired about term deposit interest rates and renewal options
SYN-030722,02-05-2026,Raised a motor insurance claim status query
SYN-003360,28-04-2026,Inquired about term deposit interest rates and renewal options
SYN-003353,06-09-2026,Asked about premature/partial withdrawal of term deposit funds
SYN-043079,15-04-2026,Raised a motor insurance claim status query
SYN-024582,07-06-2026,Raised a motor insurance claim status query
SYN-001647,02-02-2026,Asked to update marketing communication preferences / opt-out request
SYN-035860,23-05-2026,Inquired about term deposit interest rates and renewal options
SYN-011201,22-03-2026,Asked about premature/partial withdrawal of term deposit funds
SYN-031996,19-03-2026,Raised a motor insurance claim status query
SYN-044896,15-02-2026,Complained about delayed policy issuance or service turnaround time
SYN-036854,20-08-2026,Requested KYC document re-verification / update
SYN-030018,07-02-2026,Asked about premature/partial withdrawal of term deposit funds
SYN-036132,29-03-2026,Asked to update marketing communication preferences / opt-out request
SYN-028594,27-03-2026,Asked about premature/partial withdrawal of term deposit funds
SYN-022413,28-06-2026,Complained about delayed policy issuance or service turnaround time
SYN-029445,26-07-2026,Complained about delayed policy issuance or service turnaround time
SYN-035668,20-06-2026,Inquired about term deposit interest rates and renewal options
SYN-024530,12-09-2026,Inquired about term deposit interest rates and renewal options
SYN-025937,23-04-2026,Inquired about term deposit interest rates and renewal options
SYN-009490,20-07-2026,Asked about premature/partial withdrawal of term deposit funds
SYN-026961,28-07-2026,Requested motor insurance policy renewal and premium details
SYN-021195,10-04-2026,Inquired about term deposit interest rates and renewal options
SYN-009913,24-05-2026,Requested motor insurance policy renewal and premium details
SYN-006661,04-06-2026,Raised a motor insurance claim status query
SYN-044601,29-05-2026,Requested KYC document re-verification / update
SYN-018785,26-01-2026,Complained about delayed policy issuance or service turnaround time
SYN-043133,02-01-2026,Requested KYC document re-verification / update
SYN-035225,03-09-2026,Requested motor insurance policy renewal and premium details
SYN-031896,20-06-2026,Complained about delayed policy issuance or service turnaround time
SYN-007231,26-05-2026,Asked about premature/partial withdrawal of term deposit funds
SYN-019944,13-02-2026,Requested premium payment extension / instalment restructuring
SYN-028022,24-04-2026,Requested KYC document re-verification / update
SYN-029178,31-07-2026,Requested motor insurance policy renewal and premium details
SYN-041630,28-07-2026,Inquired about term deposit interest rates and renewal options
SYN-002426,04-05-2026,Requested motor insurance policy renewal and premium details
SYN-017742,15-04-2026,Raised a motor insurance claim status query
SYN-034963,26-01-2026,Complained about delayed policy issuance or service turnaround time
SYN-039654,30-05-2026,Requested motor insurance policy renewal and premium details
SYN-037504,29-01-2026,Inquired about term deposit interest rates and renewal options
SYN-014717,23-05-2026,Requested premium payment extension / instalment restructuring
SYN-025268,21-06-2026,Requested motor insurance policy renewal and premium details
SYN-025925,22-02-2026,Inquired about term deposit interest rates and renewal options
SYN-044690,04-02-2026,Complained about delayed policy issuance or service turnaround time
SYN-034320,14-06-2026,Inquired about term deposit interest rates and renewal options
SYN-002098,22-06-2026,Raised a motor insurance claim status query
SYN-023530,27-08-2026,Asked to update marketing communication preferences / opt-out request
SYN-005082,07-07-2026,Raised a motor insurance claim status query
SYN-014621,24-04-2026,Requested KYC document re-verification / update
SYN-012542,09-04-2026,Requested premium payment extension / instalment restructuring
SYN-030363,13-09-2026,Inquired about term deposit interest rates and renewal options
SYN-019458,29-07-2026,Inquired about term deposit interest rates and renewal options
SYN-015226,17-04-2026,Requested premium payment extension / instalment restructuring
SYN-015327,25-12-2025,Asked to update marketing communication preferences / opt-out request
SYN-018020,17-06-2026,Requested premium payment extension / instalment restructuring
SYN-033591,19-09-2026,Inquired about term deposit interest rates and renewal options
SYN-011246,28-05-2026,Asked to update marketing communication preferences / opt-out request
SYN-022306,10-08-2026,Requested KYC document re-verification / update
SYN-008944,17-03-2026,Asked about premature/partial withdrawal of term deposit funds
SYN-038365,25-12-2025,Raised a motor insurance claim status query
SYN-014453,24-08-2026,Raised a motor insurance claim status query
SYN-043572,20-05-2026,Inquired about term deposit interest rates and renewal options
SYN-020970,11-08-2026,Asked to update marketing communication preferences / opt-out request
SYN-038328,13-02-2026,Requested KYC document re-verification / update
SYN-032573,09-01-2026,Asked to update marketing communication preferences / opt-out request
SYN-015786,18-03-2026,Inquired about term deposit interest rates and renewal options
SYN-016086,06-07-2026,Raised a motor insurance claim status query
SYN-034066,30-07-2026,Complained about delayed policy issuance or service turnaround time
SYN-020999,27-02-2026,Requested KYC document re-verification / update
SYN-015345,06-04-2026,Requested motor insurance policy renewal and premium details
SYN-002178,31-12-2025,Raised a motor insurance claim status query
SYN-030440,01-01-2026,Requested motor insurance policy renewal and premium details
SYN-019463,06-02-2026,Asked about premature/partial withdrawal of term deposit funds
SYN-019763,19-09-2026,Requested motor insurance policy renewal and premium details
SYN-034444,22-08-2026,Requested KYC document re-verification / update
SYN-019505,20-06-2026,Requested motor insurance policy renewal and premium details
SYN-017847,09-06-2026,Asked about premature/partial withdrawal of term deposit funds
SYN-034621,20-05-2026,Raised a motor insurance claim status query
SYN-014327,10-06-2026,Asked about premature/partial withdrawal of term deposit funds
SYN-034326,19-02-2026,Requested KYC document re-verification / update
SYN-015644,27-03-2026,Asked to update marketing communication preferences / opt-out request
SYN-038895,06-08-2026,Complained about delayed policy issuance or service turnaround time
SYN-017532,16-07-2026,Complained about delayed policy issuance or service turnaround time
SYN-017176,05-08-2026,Asked to update marketing communication preferences / opt-out request
SYN-022780,21-08-2026,Requested motor insurance policy renewal and premium details
SYN-011993,07-03-2026,Requested motor insurance policy renewal and premium details
SYN-024874,31-12-2025,Requested KYC document re-verification / update
SYN-033342,17-06-2026,Inquired about term deposit interest rates and renewal options
SYN-005422,08-08-2026,Requested KYC document re-verification / update
SYN-000485,13-01-2026,Requested premium payment extension / instalment restructuring
SYN-040633,15-08-2026,Requested premium payment extension / instalment restructuring
SYN-023113,14-05-2026,Requested KYC document re-verification / update
SYN-044291,13-09-2026,Asked to update marketing communication preferences / opt-out request
SYN-024080,07-08-2026,Asked about premature/partial withdrawal of term deposit funds
SYN-008564,21-07-2026,Asked about premature/partial withdrawal of term deposit funds
SYN-044075,25-08-2026,Requested KYC document re-verification / update
SYN-020773,22-05-2026,Raised a motor insurance claim status query
SYN-004059,15-04-2026,Requested motor insurance policy renewal and premium details
SYN-007151,06-01-2026,Asked to update marketing communication preferences / opt-out request
SYN-042275,19-07-2026,Requested KYC document re-verification / update
SYN-020578,26-05-2026,Inquired about term deposit interest rates and renewal options
SYN-031203,26-03-2026,Requested motor insurance policy renewal and premium details
SYN-040921,26-05-2026,Requested premium payment extension / instalment restructuring
SYN-032819,09-04-2026,Raised a motor insurance claim status query
SYN-032982,20-01-2026,Requested KYC document re-verification / update
SYN-030079,08-04-2026,Complained about delayed policy issuance or service turnaround time
SYN-039385,30-03-2026,Raised a motor insurance claim status query
SYN-027108,24-05-2026,Complained about delayed policy issuance or service turnaround time
SYN-010479,26-01-2026,Requested motor insurance policy renewal and premium details
SYN-004634,18-04-2026,Inquired about term deposit interest rates and renewal options
SYN-000231,26-04-2026,Requested motor insurance policy renewal and premium details
SYN-018216,29-06-2026,Complained about delayed policy issuance or service turnaround time
SYN-045186,19-02-2026,Complained about delayed policy issuance or service turnaround time
SYN-012307,07-02-2026,Asked to update marketing communication preferences / opt-out request
SYN-009932,29-01-2026,Requested motor insurance policy renewal and premium details
SYN-000310,11-04-2026,Complained about delayed policy issuance or service turnaround time
SYN-006636,03-07-2026,Requested KYC document re-verification / update
SYN-041389,25-03-2026,Requested premium payment extension / instalment restructuring
SYN-025236,16-05-2026,Requested premium payment extension / instalment restructuring
SYN-018486,23-03-2026,Requested motor insurance policy renewal and premium details
SYN-025653,22-06-2026,Requested KYC document re-verification / update
SYN-014111,18-06-2026,Requested KYC document re-verification / update
SYN-025974,23-06-2026,Complained about delayed policy issuance or service turnaround time
SYN-003299,26-12-2025,Complained about delayed policy issuance or service turnaround time
SYN-022559,14-01-2026,Requested premium payment extension / instalment restructuring
SYN-034937,23-03-2026,Requested premium payment extension / instalment restructuring
SYN-035026,21-07-2026,Raised a motor insurance claim status query
SYN-005274,26-04-2026,Complained about delayed policy issuance or service turnaround time
SYN-039415,24-05-2026,Requested premium payment extension / instalment restructuring
SYN-036762,20-03-2026,Inquired about term deposit interest rates and renewal options
SYN-010091,29-12-2025,Asked to update marketing communication preferences / opt-out request
SYN-038965,28-07-2026,Asked to update marketing communication preferences / opt-out request
SYN-036845,31-05-2026,Asked to update marketing communication preferences / opt-out request
SYN-021277,29-03-2026,Requested KYC document re-verification / update
SYN-040741,25-03-2026,Asked about premature/partial withdrawal of term deposit funds
SYN-024465,01-08-2026,Complained about delayed policy issuance or service turnaround time
SYN-001329,26-05-2026,Complained about delayed policy issuance or service turnaround time
SYN-037908,24-08-2026,Asked to update marketing communication preferences / opt-out request
SYN-023961,13-03-2026,Asked to update marketing communication preferences / opt-out request
SYN-005785,10-04-2026,Raised a motor insurance claim status query
SYN-043485,14-09-2026,Requested KYC document re-verification / update
SYN-021891,13-03-2026,Requested premium payment extension / instalment restructuring
SYN-044387,02-09-2026,Requested KYC document re-verification / update
SYN-025006,14-04-2026,Raised a motor insurance claim status query
SYN-015419,29-04-2026,Requested motor insurance policy renewal and premium details
SYN-040690,09-03-2026,Requested KYC document re-verification / update
SYN-018483,02-02-2026,Asked to update marketing communication preferences / opt-out request
SYN-020892,14-03-2026,Inquired about term deposit interest rates and renewal options
SYN-030985,24-03-2026,Requested KYC document re-verification / update
SYN-031397,10-05-2026,Raised a motor insurance claim status query
SYN-005707,24-02-2026,Asked about premature/partial withdrawal of term deposit funds
SYN-012633,28-04-2026,Raised a motor insurance claim status query
SYN-016887,14-04-2026,Asked to update marketing communication preferences / opt-out request
SYN-021286,30-08-2026,Raised a motor insurance claim status query
SYN-033398,04-04-2026,Asked to update marketing communication preferences / opt-out request
SYN-012661,18-07-2026,Inquired about term deposit interest rates and renewal options
SYN-002103,03-02-2026,Requested motor insurance policy renewal and premium details
SYN-019223,10-06-2026,Asked to update marketing communication preferences / opt-out request
SYN-027715,16-01-2026,Requested premium payment extension / instalment restructuring
SYN-015881,20-06-2026,Inquired about term deposit interest rates and renewal options
SYN-014272,07-05-2026,Requested premium payment extension / instalment restructuring
SYN-031312,19-09-2026,Inquired about term deposit interest rates and renewal options
SYN-042849,17-01-2026,Requested KYC document re-verification / update
SYN-013999,23-01-2026,Asked about premature/partial withdrawal of term deposit funds
SYN-023835,01-05-2026,Raised a motor insurance claim status query
SYN-011647,15-09-2026,Inquired about term deposit interest rates and renewal options
SYN-036412,25-07-2026,Requested premium payment extension / instalment restructuring
SYN-029093,04-05-2026,Inquired about term deposit interest rates and renewal options
SYN-044510,22-05-2026,Asked to update marketing communication preferences / opt-out request
SYN-004871,27-03-2026,Complained about delayed policy issuance or service turnaround time
SYN-018450,12-04-2026,Requested motor insurance policy renewal and premium details
SYN-013857,21-04-2026,Requested motor insurance policy renewal and premium details
SYN-011525,13-08-2026,Complained about delayed policy issuance or service turnaround time
SYN-033963,01-08-2026,Asked to update marketing communication preferences / opt-out request
SYN-024076,28-01-2026,Asked about premature/partial withdrawal of term deposit funds
SYN-004994,23-06-2026,Asked to update marketing communication preferences / opt-out request
SYN-027830,18-07-2026,Raised a motor insurance claim status query
SYN-024402,23-02-2026,Inquired about term deposit interest rates and renewal options
SYN-017459,07-02-2026,Requested KYC document re-verification / update
SYN-009755,06-04-2026,Complained about delayed policy issuance or service turnaround time
SYN-014952,02-03-2026,Requested motor insurance policy renewal and premium details
SYN-014912,01-05-2026,Inquired about term deposit interest rates and renewal options
SYN-028181,04-07-2026,Requested KYC document re-verification / update
SYN-023840,10-09-2026,Inquired about term deposit interest rates and renewal options
SYN-044672,15-01-2026,Asked about premature/partial withdrawal of term deposit funds
SYN-017451,07-08-2026,Asked to update marketing communication preferences / opt-out request
SYN-020706,03-06-2026,Asked to update marketing communication preferences / opt-out request
SYN-016230,16-03-2026,Complained about delayed policy issuance or service turnaround time
SYN-008976,12-07-2026,Asked about premature/partial withdrawal of term deposit funds
SYN-014348,31-01-2026,Requested KYC document re-verification / update
SYN-000934,20-08-2026,Requested motor insurance policy renewal and premium details
SYN-021930,18-03-2026,Complained about delayed policy issuance or service turnaround time
SYN-010858,02-04-2026,Asked about premature/partial withdrawal of term deposit funds
SYN-025179,03-06-2026,Requested motor insurance policy renewal and premium details
SYN-037616,15-06-2026,Requested KYC document re-verification / update
SYN-043036,13-08-2026,Complained about delayed policy issuance or service turnaround time
SYN-039255,30-12-2025,Requested premium payment extension / instalment restructuring
SYN-040107,28-04-2026,Requested KYC document re-verification / update
SYN-016822,03-09-2026,Inquired about term deposit interest rates and renewal options
SYN-039040,18-06-2026,Asked to update marketing communication preferences / opt-out request
SYN-022412,29-07-2026,Requested KYC document re-verification / update
SYN-028441,03-06-2026,Inquired about term deposit interest rates and renewal options
SYN-013293,25-07-2026,Requested motor insurance policy renewal and premium details
SYN-032079,25-04-2026,Requested premium payment extension / instalment restructuring
SYN-005223,21-07-2026,Complained about delayed policy issuance or service turnaround time
SYN-009905,26-08-2026,Requested premium payment extension / instalment restructuring
SYN-003501,04-07-2026,Inquired about term deposit interest rates and renewal options
SYN-031814,24-08-2026,Complained about delayed policy issuance or service turnaround time
SYN-018864,13-06-2026,Requested motor insurance policy renewal and premium details
SYN-023490,23-08-2026,Asked about premature/partial withdrawal of term deposit funds
SYN-042265,09-05-2026,Requested motor insurance policy renewal and premium details
SYN-018332,09-02-2026,Requested premium payment extension / instalment restructuring
SYN-013208,15-03-2026,Raised a motor insurance claim status query
SYN-024762,02-01-2026,Inquired about term deposit interest rates and renewal options
SYN-018932,27-12-2025,Asked to update marketing communication preferences / opt-out request
SYN-012564,28-01-2026,Asked about premature/partial withdrawal of term deposit funds
SYN-025621,11-08-2026,Requested motor insurance policy renewal and premium details
SYN-012458,29-05-2026,Requested KYC document re-verification / update
SYN-019462,06-04-2026,Requested premium payment extension / instalment restructuring
SYN-004550,02-06-2026,Asked to update marketing communication preferences / opt-out request
SYN-006129,31-08-2026,Inquired about term deposit interest rates and renewal options
SYN-024636,02-02-2026,Requested motor insurance policy renewal and premium details
SYN-019062,25-12-2025,Asked about premature/partial withdrawal of term deposit funds
SYN-026816,06-07-2026,Complained about delayed policy issuance or service turnaround time
SYN-017154,29-12-2025,Requested premium payment extension / instalment restructuring
SYN-040584,27-05-2026,Requested premium payment extension / instalment restructuring
SYN-035775,17-09-2026,Requested KYC document re-verification / update
SYN-033177,09-09-2026,Complained about delayed policy issuance or service turnaround time
SYN-003945,02-01-2026,Inquired about term deposit interest rates and renewal options
SYN-022683,21-04-2026,Requested premium payment extension / instalment restructuring
SYN-023963,06-03-2026,Asked about premature/partial withdrawal of term deposit funds
SYN-026849,30-06-2026,Requested premium payment extension / instalment restructuring
SYN-006608,18-05-2026,Requested KYC document re-verification / update
SYN-015986,02-02-2026,Complained about delayed policy issuance or service turnaround time
SYN-019088,09-05-2026,Raised a motor insurance claim status query
SYN-017135,26-06-2026,Requested KYC document re-verification / update
SYN-040701,08-08-2026,Complained about delayed policy issuance or service turnaround time
SYN-000025,28-02-2026,Inquired about term deposit interest rates and renewal options
SYN-027248,02-09-2026,Raised a motor insurance claim status query
SYN-036839,13-03-2026,Requested motor insurance policy renewal and premium details
SYN-031705,09-02-2026,Raised a motor insurance claim status query
SYN-027012,06-01-2026,Raised a motor insurance claim status query
SYN-034133,05-09-2026,Raised a motor insurance claim status query
SYN-036379,22-03-2026,Requested premium payment extension / instalment restructuring
SYN-021080,17-08-2026,Requested premium payment extension / instalment restructuring
SYN-029657,24-03-2026,Requested KYC document re-verification / update
SYN-028016,18-09-2026,Asked to update marketing communication preferences / opt-out request
SYN-017815,22-04-2026,Asked to update marketing communication preferences / opt-out request
SYN-014661,02-06-2026,Raised a motor insurance claim status query
SYN-014081,06-06-2026,Raised a motor insurance claim status query
SYN-001828,08-01-2026,Requested premium payment extension / instalment restructuring
SYN-032971,06-09-2026,Requested motor insurance policy renewal and premium details
SYN-042042,29-04-2026,Raised a motor insurance claim status query
SYN-037207,25-02-2026,Complained about delayed policy issuance or service turnaround time
SYN-042892,05-06-2026,Requested KYC document re-verification / update
SYN-033369,16-01-2026,Asked about premature/partial withdrawal of term deposit funds
SYN-028153,09-02-2026,Requested premium payment extension / instalment restructuring
SYN-026386,26-12-2025,Asked about premature/partial withdrawal of term deposit funds
SYN-002608,07-02-2026,Requested KYC document re-verification / update
SYN-004166,07-07-2026,Asked to update marketing communication preferences / opt-out request
SYN-040276,08-08-2026,Requested KYC document re-verification / update
SYN-029096,10-05-2026,Raised a motor insurance claim status query
SYN-013828,26-07-2026,Requested KYC document re-verification / update
SYN-037835,24-02-2026,Raised a motor insurance claim status query
SYN-001063,05-02-2026,Asked to update marketing communication preferences / opt-out request
SYN-027822,08-06-2026,Inquired about term deposit interest rates and renewal options
SYN-020996,14-07-2026,Requested motor insurance policy renewal and premium details
SYN-033201,13-01-2026,Requested motor insurance policy renewal and premium details
SYN-013238,21-06-2026,Requested motor insurance policy renewal and premium details
SYN-010014,25-08-2026,Requested premium payment extension / instalment restructuring
SYN-006610,25-02-2026,Inquired about term deposit interest rates and renewal options
SYN-030315,11-01-2026,Requested motor insurance policy renewal and premium details
SYN-038637,10-09-2026,Raised a motor insurance claim status query
SYN-028158,14-06-2026,Complained about delayed policy issuance or service turnaround time
SYN-021967,10-06-2026,Asked about premature/partial withdrawal of term deposit funds
SYN-017615,07-05-2026,Asked to update marketing communication preferences / opt-out request
SYN-013758,11-02-2026,Asked to update marketing communication preferences / opt-out request
SYN-002725,19-08-2026,Requested motor insurance policy renewal and premium details
SYN-044168,16-06-2026,Requested premium payment extension / instalment restructuring
